{
  "schemaVersion": "1.0",
  "exportedAt": "2025-01-15T17:00:00Z",
  "app": "ArguMentor",
  "topics": [
    {
      "id": "c50e8400-e29b-41d4-a716-446655440001",
      "title": "Intelligence artificielle et éthique",
      "summary": "Enjeux éthiques, sociaux et philosophiques liés au développement de l'IA",
      "posture": "neutre_critique",
      "tags": ["tag_ia", "tag_ethique", "tag_technologie", "tag_societe"],
      "createdAt": "2025-01-15T17:00:00Z",
      "updatedAt": "2025-01-15T17:00:00Z"
    }
  ],
  "claims": [
    {
      "id": "c50e8400-e29b-41d4-a716-446655440101",
      "text": "L'IA va créer plus d'emplois qu'elle n'en détruira grâce aux nouvelles opportunités",
      "stance": "pro",
      "strength": "medium",
      "topics": ["c50e8400-e29b-41d4-a716-446655440001"],
      "createdAt": "2025-01-15T17:00:00Z",
      "updatedAt": "2025-01-15T17:00:00Z"
    },
    {
      "id": "c50e8400-e29b-41d4-a716-446655440102",
      "text": "L'IA va massivement détruire des emplois qualifiés sans possibilité de reconversion pour des millions de travailleurs",
      "stance": "con",
      "strength": "high",
      "topics": ["c50e8400-e29b-41d4-a716-446655440001"],
      "createdAt": "2025-01-15T17:00:00Z",
      "updatedAt": "2025-01-15T17:00:00Z"
    },
    {
      "id": "c50e8400-e29b-41d4-a716-446655440103",
      "text": "Les IA sont neutres et objectives car elles se basent uniquement sur des données",
      "stance": "pro",
      "strength": "weak",
      "topics": ["c50e8400-e29b-41d4-a716-446655440001"],
      "createdAt": "2025-01-15T17:00:00Z",
      "updatedAt": "2025-01-15T17:00:00Z"
    },
    {
      "id": "c50e8400-e29b-41d4-a716-446655440104",
      "text": "Les IA reproduisent et amplifient les biais présents dans les données d'entraînement",
      "stance": "con",
      "strength": "high",
      "topics": ["c50e8400-e29b-41d4-a716-446655440001"],
      "createdAt": "2025-01-15T17:00:00Z",
      "updatedAt": "2025-01-15T17:00:00Z"
    },
    {
      "id": "c50e8400-e29b-41d4-a716-446655440105",
      "text": "L'IA peut améliorer la prise de décision médicale et réduire les erreurs",
      "stance": "pro",
      "strength": "high",
      "topics": ["c50e8400-e29b-41d4-a716-446655440001"],
      "createdAt": "2025-01-15T17:00:00Z",
      "updatedAt": "2025-01-15T17:00:00Z"
    },
    {
      "id": "c50e8400-e29b-41d4-a716-446655440106",
      "text": "La dépendance à l'IA en médecine pose des risques de responsabilité et d'opacité diagnostique",
      "stance": "con",
      "strength": "medium",
      "topics": ["c50e8400-e29b-41d4-a716-446655440001"],
      "createdAt": "2025-01-15T17:00:00Z",
      "updatedAt": "2025-01-15T17:00:00Z"
    },
    {
      "id": "c50e8400-e29b-41d4-a716-446655440107",
      "text": "L'IA générative enrichit la créativité humaine et démocratise l'accès à la création",
      "stance": "pro",
      "strength": "medium",
      "topics": ["c50e8400-e29b-41d4-a716-446655440001"],
      "createdAt": "2025-01-15T17:00:00Z",
      "updatedAt": "2025-01-15T17:00:00Z"
    },
    {
      "id": "c50e8400-e29b-41d4-a716-446655440108",
      "text": "L'IA générative viole les droits d'auteur en utilisant des œuvres protégées sans consentement ni rémunération",
      "stance": "con",
      "strength": "high",
      "topics": ["c50e8400-e29b-41d4-a716-446655440001"],
      "createdAt": "2025-01-15T17:00:00Z",
      "updatedAt": "2025-01-15T17:00:00Z"
    },
    {
      "id": "c50e8400-e29b-41d4-a716-446655440109",
      "text": "L'IA va résoudre les grands défis de l'humanité (climat, maladies, énergie)",
      "stance": "pro",
      "strength": "medium",
      "topics": ["c50e8400-e29b-41d4-a716-446655440001"],
      "createdAt": "2025-01-15T17:00:00Z",
      "updatedAt": "2025-01-15T17:00:00Z"
    },
    {
      "id": "c50e8400-e29b-41d4-a716-446655440110",
      "text": "L'IA risque d'aggraver les inégalités et de concentrer le pouvoir dans les mains de quelques entreprises",
      "stance": "con",
      "strength": "high",
      "topics": ["c50e8400-e29b-41d4-a716-446655440001"],
      "createdAt": "2025-01-15T17:00:00Z",
      "updatedAt": "2025-01-15T17:00:00Z"
    }
  ],
  "rebuttals": [
    {
      "id": "c50e8400-e29b-41d4-a716-446655440201",
      "claimId": "c50e8400-e29b-41d4-a716-446655440101",
      "text": "Les révolutions technologiques précédentes ont mis des décennies à créer de nouveaux emplois, causant des crises sociales majeures",
      "fallacyTag": "Optimisme technologique",
      "createdAt": "2025-01-15T17:00:00Z",
      "updatedAt": "2025-01-15T17:00:00Z"
    },
    {
      "id": "c50e8400-e29b-41d4-a716-446655440202",
      "claimId": "c50e8400-e29b-41d4-a716-446655440103",
      "text": "Exemple : COMPAS (système de prédiction de récidive) a montré un biais racial avec 45% de faux positifs pour les Noirs vs 23% pour les Blancs",
      "fallacyTag": "Mythe de l'objectivité algorithmique",
      "createdAt": "2025-01-15T17:00:00Z",
      "updatedAt": "2025-01-15T17:00:00Z"
    },
    {
      "id": "c50e8400-e29b-41d4-a716-446655440203",
      "claimId": "c50e8400-e29b-41d4-a716-446655440105",
      "text": "Les systèmes de diagnostic par IA manquent de transparence : impossible d'expliquer pourquoi un diagnostic est posé",
      "fallacyTag": "Problème de la boîte noire",
      "createdAt": "2025-01-15T17:00:00Z",
      "updatedAt": "2025-01-15T17:00:00Z"
    },
    {
      "id": "c50e8400-e29b-41d4-a716-446655440204",
      "claimId": "c50e8400-e29b-41d4-a716-446655440107",
      "text": "Plus de 16 000 artistes ont signé une lettre ouverte dénonçant le pillage de leurs œuvres par les IA (avril 2024)",
      "fallacyTag": "Appropriation non consentie",
      "createdAt": "2025-01-15T17:00:00Z",
      "updatedAt": "2025-01-15T17:00:00Z"
    }
  ],
  "evidences": [
    {
      "id": "c50e8400-e29b-41d4-a716-446655440301",
      "claimId": "c50e8400-e29b-41d4-a716-446655440102",
      "type": "statistic",
      "content": "McKinsey (2023) : 12 millions d'emplois pourraient être automatisés d'ici 2030 aux USA, notamment dans l'administratif, la comptabilité et le service client",
      "sourceId": "c50e8400-e29b-41d4-a716-446655440401",
      "quality": "high",
      "createdAt": "2025-01-15T17:00:00Z"
    },
    {
      "id": "c50e8400-e29b-41d4-a716-446655440302",
      "claimId": "c50e8400-e29b-41d4-a716-446655440104",
      "type": "study",
      "content": "ProPublica (2016) : Enquête sur COMPAS révélant des biais raciaux systématiques dans les prédictions de récidive",
      "sourceId": "c50e8400-e29b-41d4-a716-446655440402",
      "quality": "high",
      "createdAt": "2025-01-15T17:00:00Z"
    },
    {
      "id": "c50e8400-e29b-41d4-a716-446655440303",
      "claimId": "c50e8400-e29b-41d4-a716-446655440105",
      "type": "study",
      "content": "Nature Medicine (2020) : L'IA de Google Health détecte le cancer du sein avec 11,5% de faux négatifs en moins que les radiologues",
      "sourceId": "c50e8400-e29b-41d4-a716-446655440403",
      "quality": "high",
      "createdAt": "2025-01-15T17:00:00Z"
    },
    {
      "id": "c50e8400-e29b-41d4-a716-446655440304",
      "claimId": "c50e8400-e29b-41d4-a716-446655440110",
      "type": "statistic",
      "content": "5 entreprises (Google, Microsoft, Amazon, Meta, Apple) contrôlent 90% de la recherche en IA et des infrastructures de cloud computing",
      "sourceId": "c50e8400-e29b-41d4-a716-446655440404",
      "quality": "high",
      "createdAt": "2025-01-15T17:00:00Z"
    }
  ],
  "questions": [
    {
      "id": "c50e8400-e29b-41d4-a716-446655440501",
      "targetId": "c50e8400-e29b-41d4-a716-446655440103",
      "text": "Si les données d'entraînement reflètent des discriminations historiques, comment l'IA peut-elle être objective ?",
      "kind": "challenge",
      "createdAt": "2025-01-15T17:00:00Z"
    },
    {
      "id": "c50e8400-e29b-41d4-a716-446655440502",
      "targetId": "c50e8400-e29b-41d4-a716-446655440108",
      "text": "Quel modèle légal permettrait de rémunérer équitablement les artistes dont les œuvres ont entraîné les IA génératives ?",
      "kind": "clarification",
      "createdAt": "2025-01-15T17:00:00Z"
    },
    {
      "id": "c50e8400-e29b-41d4-a716-446655440503",
      "targetId": "c50e8400-e29b-41d4-a716-446655440110",
      "text": "Comment éviter la concentration de pouvoir si le développement de l'IA nécessite des ressources colossales ?",
      "kind": "challenge",
      "createdAt": "2025-01-15T17:00:00Z"
    }
  ],
  "sources": [
    {
      "id": "c50e8400-e29b-41d4-a716-446655440401",
      "title": "The Future of Work After COVID-19",
      "citation": "McKinsey Global Institute (2023).",
      "url": "https://www.mckinsey.com/featured-insights/future-of-work",
      "publisher": "McKinsey & Company",
      "date": "2023",
      "reliabilityScore": 0.88,
      "notes": "Analyse prospective sur l'automatisation",
      "createdAt": "2025-01-15T17:00:00Z"
    },
    {
      "id": "c50e8400-e29b-41d4-a716-446655440402",
      "title": "Machine Bias: Risk Assessments in Criminal Sentencing",
      "citation": "Angwin, J., et al. (2016). ProPublica.",
      "url": "https://www.propublica.org/article/machine-bias-risk-assessments-in-criminal-sentencing",
      "publisher": "ProPublica",
      "date": "2016",
      "reliabilityScore": 0.92,
      "notes": "Enquête journalistique primée",
      "createdAt": "2025-01-15T17:00:00Z"
    },
    {
      "id": "c50e8400-e29b-41d4-a716-446655440403",
      "title": "International evaluation of an AI system for breast cancer screening",
      "citation": "McKinney, S. M., et al. (2020). Nature, 577(7788), 89-94.",
      "url": "https://www.nature.com/articles/s41586-019-1799-6",
      "publisher": "Nature",
      "date": "2020",
      "reliabilityScore": 0.96,
      "notes": "Étude clinique sur l'IA médicale",
      "createdAt": "2025-01-15T17:00:00Z"
    },
    {
      "id": "c50e8400-e29b-41d4-a716-446655440404",
      "title": "The AI Index Report 2024",
      "citation": "Stanford University HAI (2024).",
      "url": "https://aiindex.stanford.edu/report/",
      "publisher": "Stanford HAI",
      "date": "2024",
      "reliabilityScore": 0.94,
      "notes": "Rapport annuel de référence sur l'IA",
      "createdAt": "2025-01-15T17:00:00Z"
    }
  ],
  "tags": [
    {
      "id": "tag_ia",
      "label": "Intelligence artificielle",
      "color": "#00BCD4"
    },
    {
      "id": "tag_ethique",
      "label": "Éthique",
      "color": "#3F51B5"
    },
    {
      "id": "tag_technologie",
      "label": "Technologie",
      "color": "#9C27B0"
    },
    {
      "id": "tag_societe",
      "label": "Société",
      "color": "#FF5722"
    }
  ]
}
