{
  "schemaVersion": "1.0",
  "exportedAt": "2025-01-15T12:00:00Z",
  "app": "ArguMentor",
  "topics": [
    {
      "id": "750e8400-e29b-41d4-a716-446655440001",
      "title": "Politique française : Systèmes et débats contemporains",
      "summary": "Analyse des institutions, politiques publiques et débats politiques en France",
      "posture": "neutre_critique",
      "tags": ["tag_politique", "tag_france", "tag_democratie", "tag_economie"],
      "createdAt": "2025-01-15T12:00:00Z",
      "updatedAt": "2025-01-15T12:00:00Z"
    }
  ],
  "claims": [
    {
      "id": "750e8400-e29b-41d4-a716-446655440101",
      "text": "La Ve République offre un système politique stable et efficace grâce à l'exécutif fort",
      "stance": "pro",
      "strength": "medium",
      "topics": ["750e8400-e29b-41d4-a716-446655440001"],
      "createdAt": "2025-01-15T12:00:00Z",
      "updatedAt": "2025-01-15T12:00:00Z"
    },
    {
      "id": "750e8400-e29b-41d4-a716-446655440102",
      "text": "Le présidentialisme de la Ve République concentre trop de pouvoirs et affaiblit le contrôle démocratique",
      "stance": "con",
      "strength": "high",
      "topics": ["750e8400-e29b-41d4-a716-446655440001"],
      "createdAt": "2025-01-15T12:00:00Z",
      "updatedAt": "2025-01-15T12:00:00Z"
    },
    {
      "id": "750e8400-e29b-41d4-a716-446655440103",
      "text": "Le modèle social français protège efficacement les citoyens contre les aléas économiques",
      "stance": "pro",
      "strength": "medium",
      "topics": ["750e8400-e29b-41d4-a716-446655440001"],
      "createdAt": "2025-01-15T12:00:00Z",
      "updatedAt": "2025-01-15T12:00:00Z"
    },
    {
      "id": "750e8400-e29b-41d4-a716-446655440104",
      "text": "Les dépenses sociales françaises sont insoutenables et pèsent sur la compétitivité économique",
      "stance": "con",
      "strength": "high",
      "topics": ["750e8400-e29b-41d4-a716-446655440001"],
      "createdAt": "2025-01-15T12:00:00Z",
      "updatedAt": "2025-01-15T12:00:00Z"
    },
    {
      "id": "750e8400-e29b-41d4-a716-446655440105",
      "text": "La laïcité française garantit la neutralité de l'État et la liberté de conscience",
      "stance": "pro",
      "strength": "high",
      "topics": ["750e8400-e29b-41d4-a716-446655440001"],
      "createdAt": "2025-01-15T12:00:00Z",
      "updatedAt": "2025-01-15T12:00:00Z"
    },
    {
      "id": "750e8400-e29b-41d4-a716-446655440106",
      "text": "L'application de la laïcité cible disproportionnellement les musulmans et limite la liberté religieuse",
      "stance": "con",
      "strength": "medium",
      "topics": ["750e8400-e29b-41d4-a716-446655440001"],
      "createdAt": "2025-01-15T12:00:00Z",
      "updatedAt": "2025-01-15T12:00:00Z"
    },
    {
      "id": "750e8400-e29b-41d4-a716-446655440107",
      "text": "Le code du travail français protège les salariés et garantit de bonnes conditions de travail",
      "stance": "pro",
      "strength": "medium",
      "topics": ["750e8400-e29b-41d4-a716-446655440001"],
      "createdAt": "2025-01-15T12:00:00Z",
      "updatedAt": "2025-01-15T12:00:00Z"
    },
    {
      "id": "750e8400-e29b-41d4-a716-446655440108",
      "text": "La complexité du code du travail freine l'embauche et la création d'entreprises",
      "stance": "con",
      "strength": "medium",
      "topics": ["750e8400-e29b-41d4-a716-446655440001"],
      "createdAt": "2025-01-15T12:00:00Z",
      "updatedAt": "2025-01-15T12:00:00Z"
    },
    {
      "id": "750e8400-e29b-41d4-a716-446655440109",
      "text": "Le système éducatif français est égalitaire et permet l'ascension sociale",
      "stance": "pro",
      "strength": "weak",
      "topics": ["750e8400-e29b-41d4-a716-446655440001"],
      "createdAt": "2025-01-15T12:00:00Z",
      "updatedAt": "2025-01-15T12:00:00Z"
    },
    {
      "id": "750e8400-e29b-41d4-a716-446655440110",
      "text": "Le système éducatif français reproduit les inégalités sociales plus que les autres pays de l'OCDE",
      "stance": "con",
      "strength": "high",
      "topics": ["750e8400-e29b-41d4-a716-446655440001"],
      "createdAt": "2025-01-15T12:00:00Z",
      "updatedAt": "2025-01-15T12:00:00Z"
    }
  ],
  "rebuttals": [
    {
      "id": "750e8400-e29b-41d4-a716-446655440201",
      "claimId": "750e8400-e29b-41d4-a716-446655440101",
      "text": "La France a connu 5 dissolutions de l'Assemblée nationale et de nombreuses crises institutionnelles sous la Ve République",
      "fallacyTag": "Généralisation abusive",
      "createdAt": "2025-01-15T12:00:00Z",
      "updatedAt": "2025-01-15T12:00:00Z"
    },
    {
      "id": "750e8400-e29b-41d4-a716-446655440202",
      "claimId": "750e8400-e29b-41d4-a716-446655440103",
      "text": "La dette publique française atteint 112% du PIB (2024), bien au-dessus de la moyenne européenne",
      "fallacyTag": "Omission des coûts",
      "createdAt": "2025-01-15T12:00:00Z",
      "updatedAt": "2025-01-15T12:00:00Z"
    },
    {
      "id": "750e8400-e29b-41d4-a716-446655440203",
      "claimId": "750e8400-e29b-41d4-a716-446655440105",
      "text": "La loi de 2004 sur les signes religieux à l'école a été critiquée par l'ONU pour discrimination potentielle",
      "fallacyTag": "Application sélective",
      "createdAt": "2025-01-15T12:00:00Z",
      "updatedAt": "2025-01-15T12:00:00Z"
    },
    {
      "id": "750e8400-e29b-41d4-a716-446655440204",
      "claimId": "750e8400-e29b-41d4-a716-446655440109",
      "text": "Les études PISA montrent que la France est l'un des pays où l'origine sociale pèse le plus sur la réussite scolaire",
      "fallacyTag": "Mythe méritocratique",
      "createdAt": "2025-01-15T12:00:00Z",
      "updatedAt": "2025-01-15T12:00:00Z"
    }
  ],
  "evidences": [
    {
      "id": "750e8400-e29b-41d4-a716-446655440301",
      "claimId": "750e8400-e29b-41d4-a716-446655440102",
      "type": "study",
      "content": "Olivier Duhamel dans 'Le pouvoir politique en France' critique l'hyperprésidentialisation et le déficit de contrôle parlementaire",
      "sourceId": "750e8400-e29b-41d4-a716-446655440401",
      "quality": "high",
      "createdAt": "2025-01-15T12:00:00Z"
    },
    {
      "id": "750e8400-e29b-41d4-a716-446655440302",
      "claimId": "750e8400-e29b-41d4-a716-446655440104",
      "type": "statistic",
      "content": "Les dépenses publiques françaises représentent 58,3% du PIB (2023), le taux le plus élevé de l'UE selon Eurostat",
      "sourceId": "750e8400-e29b-41d4-a716-446655440402",
      "quality": "high",
      "createdAt": "2025-01-15T12:00:00Z"
    },
    {
      "id": "750e8400-e29b-41d4-a716-446655440303",
      "claimId": "750e8400-e29b-41d4-a716-446655440106",
      "type": "citation",
      "content": "Rapport du Défenseur des droits (2020) : 'Les musulmans font l'objet de discriminations multiples et systématiques en France'",
      "sourceId": "750e8400-e29b-41d4-a716-446655440403",
      "quality": "high",
      "createdAt": "2025-01-15T12:00:00Z"
    },
    {
      "id": "750e8400-e29b-41d4-a716-446655440304",
      "claimId": "750e8400-e29b-41d4-a716-446655440110",
      "type": "statistic",
      "content": "PISA 2022 : En France, l'écart de performance entre élèves favorisés et défavorisés est de 107 points, contre 93 en moyenne OCDE",
      "sourceId": "750e8400-e29b-41d4-a716-446655440404",
      "quality": "high",
      "createdAt": "2025-01-15T12:00:00Z"
    }
  ],
  "questions": [
    {
      "id": "750e8400-e29b-41d4-a716-446655440501",
      "targetId": "750e8400-e29b-41d4-a716-446655440101",
      "text": "La stabilité gouvernementale justifie-t-elle un affaiblissement du contrôle démocratique et du pluralisme ?",
      "kind": "challenge",
      "createdAt": "2025-01-15T12:00:00Z"
    },
    {
      "id": "750e8400-e29b-41d4-a716-446655440502",
      "targetId": "750e8400-e29b-41d4-a716-446655440103",
      "text": "Comment maintenir la protection sociale sans aggraver l'endettement public ?",
      "kind": "clarification",
      "createdAt": "2025-01-15T12:00:00Z"
    },
    {
      "id": "750e8400-e29b-41d4-a716-446655440503",
      "targetId": "750e8400-e29b-41d4-a716-446655440105",
      "text": "La laïcité française est-elle appliquée de manière égale à toutes les religions ou cible-t-elle spécifiquement l'islam ?",
      "kind": "challenge",
      "createdAt": "2025-01-15T12:00:00Z"
    }
  ],
  "sources": [
    {
      "id": "750e8400-e29b-41d4-a716-446655440401",
      "title": "Le pouvoir politique en France",
      "citation": "Duhamel, O. (2020). Éditions du Seuil.",
      "url": "https://www.seuil.com",
      "publisher": "Éditions du Seuil",
      "date": "2020",
      "reliabilityScore": 0.92,
      "notes": "Analyse constitutionnelle par un spécialiste de droit public",
      "createdAt": "2025-01-15T12:00:00Z"
    },
    {
      "id": "750e8400-e29b-41d4-a716-446655440402",
      "title": "Government expenditure as a percentage of GDP",
      "citation": "Eurostat (2023).",
      "url": "https://ec.europa.eu/eurostat",
      "publisher": "Commission européenne",
      "date": "2023",
      "reliabilityScore": 0.98,
      "notes": "Données officielles de l'UE",
      "createdAt": "2025-01-15T12:00:00Z"
    },
    {
      "id": "750e8400-e29b-41d4-a716-446655440403",
      "title": "Rapport annuel d'activité 2020",
      "citation": "Défenseur des droits (2020).",
      "url": "https://www.defenseurdesdroits.fr",
      "publisher": "Défenseur des droits",
      "date": "2020",
      "reliabilityScore": 0.95,
      "notes": "Institution constitutionnelle indépendante",
      "createdAt": "2025-01-15T12:00:00Z"
    },
    {
      "id": "750e8400-e29b-41d4-a716-446655440404",
      "title": "PISA 2022 Results",
      "citation": "OCDE (2023).",
      "url": "https://www.oecd.org/pisa/",
      "publisher": "OCDE",
      "date": "2023",
      "reliabilityScore": 0.97,
      "notes": "Évaluation internationale des systèmes éducatifs",
      "createdAt": "2025-01-15T12:00:00Z"
    }
  ],
  "tags": [
    {
      "id": "tag_politique",
      "label": "Politique",
      "color": "#E91E63"
    },
    {
      "id": "tag_france",
      "label": "France",
      "color": "#2196F3"
    },
    {
      "id": "tag_democratie",
      "label": "Démocratie",
      "color": "#FF9800"
    },
    {
      "id": "tag_economie",
      "label": "Économie",
      "color": "#4CAF50"
    }
  ]
}
