{
  "schemaVersion": "1.0",
  "exportedAt": "2025-01-15T10:00:00Z",
  "app": "ArguMentor",
  "topics": [
    {
      "id": "550e8400-e29b-41d4-a716-446655440001",
      "title": "Témoins de Jéhovah : Doctrines et pratiques",
      "summary": "Analyse critique des doctrines, pratiques et controverses liées à l'organisation des Témoins de Jéhovah",
      "posture": "neutre_critique",
      "tags": ["tag_religion", "tag_doctrine", "tag_ethique"],
      "createdAt": "2025-01-15T10:00:00Z",
      "updatedAt": "2025-01-15T10:00:00Z"
    }
  ],
  "claims": [
    {
      "id": "550e8400-e29b-41d4-a716-446655440101",
      "text": "La Traduction du Monde Nouveau (TMN) est une traduction objective de la Bible",
      "stance": "pro",
      "strength": "medium",
      "topics": ["550e8400-e29b-41d4-a716-446655440001"],
      "createdAt": "2025-01-15T10:00:00Z",
      "updatedAt": "2025-01-15T10:00:00Z"
    },
    {
      "id": "550e8400-e29b-41d4-a716-446655440102",
      "text": "La TMN contient des modifications doctrinales pour soutenir les croyances des Témoins de Jéhovah",
      "stance": "con",
      "strength": "high",
      "topics": ["550e8400-e29b-41d4-a716-446655440001"],
      "createdAt": "2025-01-15T10:00:00Z",
      "updatedAt": "2025-01-15T10:00:00Z"
    },
    {
      "id": "550e8400-e29b-41d4-a716-446655440103",
      "text": "Le refus de transfusion sanguine est une position bibliquement fondée",
      "stance": "pro",
      "strength": "medium",
      "topics": ["550e8400-e29b-41d4-a716-446655440001"],
      "createdAt": "2025-01-15T10:00:00Z",
      "updatedAt": "2025-01-15T10:00:00Z"
    },
    {
      "id": "550e8400-e29b-41d4-a716-446655440104",
      "text": "Le refus de transfusion sanguine a causé des décès évitables, notamment d'enfants",
      "stance": "con",
      "strength": "high",
      "topics": ["550e8400-e29b-41d4-a716-446655440001"],
      "createdAt": "2025-01-15T10:00:00Z",
      "updatedAt": "2025-01-15T10:00:00Z"
    },
    {
      "id": "550e8400-e29b-41d4-a716-446655440105",
      "text": "La doctrine de 1914 comme date du règne invisible du Christ est basée sur une chronologie biblique solide",
      "stance": "pro",
      "strength": "weak",
      "topics": ["550e8400-e29b-41d4-a716-446655440001"],
      "createdAt": "2025-01-15T10:00:00Z",
      "updatedAt": "2025-01-15T10:00:00Z"
    },
    {
      "id": "550e8400-e29b-41d4-a716-446655440106",
      "text": "La chronologie de 1914 repose sur des calculs historiquement contestés et des prophéties non réalisées",
      "stance": "con",
      "strength": "high",
      "topics": ["550e8400-e29b-41d4-a716-446655440001"],
      "createdAt": "2025-01-15T10:00:00Z",
      "updatedAt": "2025-01-15T10:00:00Z"
    },
    {
      "id": "550e8400-e29b-41d4-a716-446655440107",
      "text": "L'organisation protège ses membres par un processus disciplinaire biblique",
      "stance": "pro",
      "strength": "weak",
      "topics": ["550e8400-e29b-41d4-a716-446655440001"],
      "createdAt": "2025-01-15T10:00:00Z",
      "updatedAt": "2025-01-15T10:00:00Z"
    },
    {
      "id": "550e8400-e29b-41d4-a716-446655440108",
      "text": "La politique de l'excommunication (exclusion) brise les familles et cause des traumatismes psychologiques",
      "stance": "con",
      "strength": "high",
      "topics": ["550e8400-e29b-41d4-a716-446655440001"],
      "createdAt": "2025-01-15T10:00:00Z",
      "updatedAt": "2025-01-15T10:00:00Z"
    },
    {
      "id": "550e8400-e29b-41d4-a716-446655440109",
      "text": "L'organisation suit une politique transparente en matière d'abus sexuels sur mineurs",
      "stance": "pro",
      "strength": "weak",
      "topics": ["550e8400-e29b-41d4-a716-446655440001"],
      "createdAt": "2025-01-15T10:00:00Z",
      "updatedAt": "2025-01-15T10:00:00Z"
    },
    {
      "id": "550e8400-e29b-41d4-a716-446655440110",
      "text": "L'organisation a systématiquement dissimulé des cas d'abus sexuels et appliqué la règle des deux témoins de manière inadaptée",
      "stance": "con",
      "strength": "high",
      "topics": ["550e8400-e29b-41d4-a716-446655440001"],
      "createdAt": "2025-01-15T10:00:00Z",
      "updatedAt": "2025-01-15T10:00:00Z"
    }
  ],
  "rebuttals": [
    {
      "id": "550e8400-e29b-41d4-a716-446655440201",
      "claimId": "550e8400-e29b-41d4-a716-446655440101",
      "text": "L'insertion du nom 'Jéhovah' dans le Nouveau Testament n'a aucun support manuscrit grec et constitue une modification doctrinale",
      "fallacyTag": "Pétition de principe",
      "createdAt": "2025-01-15T10:00:00Z",
      "updatedAt": "2025-01-15T10:00:00Z"
    },
    {
      "id": "550e8400-e29b-41d4-a716-446655440202",
      "claimId": "550e8400-e29b-41d4-a716-446655440103",
      "text": "Les interdictions bibliques portaient sur la consommation de sang, pas sur les transfusions médicales qui n'existaient pas à l'époque",
      "fallacyTag": "Anachronisme",
      "createdAt": "2025-01-15T10:00:00Z",
      "updatedAt": "2025-01-15T10:00:00Z"
    },
    {
      "id": "550e8400-e29b-41d4-a716-446655440203",
      "claimId": "550e8400-e29b-41d4-a716-446655440105",
      "text": "Les historiens situent la destruction de Jérusalem en 587 av. J.-C., non en 607 av. J.-C. comme le nécessite le calcul de 1914",
      "fallacyTag": "Données historiques erronées",
      "createdAt": "2025-01-15T10:00:00Z",
      "updatedAt": "2025-01-15T10:00:00Z"
    },
    {
      "id": "550e8400-e29b-41d4-a716-446655440204",
      "claimId": "550e8400-e29b-41d4-a716-446655440107",
      "text": "Le processus disciplinaire manque de transparence et prive les accusés de droits de défense élémentaires",
      "fallacyTag": "Autorité arbitraire",
      "createdAt": "2025-01-15T10:00:00Z",
      "updatedAt": "2025-01-15T10:00:00Z"
    },
    {
      "id": "550e8400-e29b-41d4-a716-446655440205",
      "claimId": "550e8400-e29b-41d4-a716-446655440109",
      "text": "La Commission royale australienne a révélé que l'organisation n'avait signalé aucun des 1 006 cas d'abus identifiés sur 65 ans",
      "fallacyTag": "Dissimulation systématique",
      "createdAt": "2025-01-15T10:00:00Z",
      "updatedAt": "2025-01-15T10:00:00Z"
    }
  ],
  "evidences": [
    {
      "id": "550e8400-e29b-41d4-a716-446655440301",
      "claimId": "550e8400-e29b-41d4-a716-446655440102",
      "type": "study",
      "content": "Jason BeDuhn, spécialiste en études bibliques, note dans 'Truth in Translation' que la TMN contient des biais théologiques significatifs, notamment dans Jean 1:1",
      "sourceId": "550e8400-e29b-41d4-a716-446655440401",
      "quality": "high",
      "createdAt": "2025-01-15T10:00:00Z"
    },
    {
      "id": "550e8400-e29b-41d4-a716-446655440302",
      "claimId": "550e8400-e29b-41d4-a716-446655440104",
      "type": "statistic",
      "content": "Selon une étude publiée dans le Journal of Medical Ethics (2011), entre 1961 et 2016, environ 2 000 décès pourraient être attribués au refus de transfusion sanguine chez les Témoins de Jéhovah",
      "sourceId": "550e8400-e29b-41d4-a716-446655440402",
      "quality": "high",
      "createdAt": "2025-01-15T10:00:00Z"
    },
    {
      "id": "550e8400-e29b-41d4-a716-446655440303",
      "claimId": "550e8400-e29b-41d4-a716-446655440106",
      "type": "expert",
      "content": "Les assyriologues et historiens de l'Antiquité s'accordent sur la date de 587 av. J.-C. pour la destruction de Jérusalem, basée sur des tablettes astronomiques babyloniennes",
      "sourceId": "550e8400-e29b-41d4-a716-446655440403",
      "quality": "high",
      "createdAt": "2025-01-15T10:00:00Z"
    },
    {
      "id": "550e8400-e29b-41d4-a716-446655440304",
      "claimId": "550e8400-e29b-41d4-a716-446655440108",
      "type": "study",
      "content": "Une étude de 2019 dans Social Sciences & Missions analyse l'impact psychologique de l'excommunication chez les ex-Témoins de Jéhovah, montrant des taux élevés de dépression et d'anxiété",
      "sourceId": "550e8400-e29b-41d4-a716-446655440404",
      "quality": "high",
      "createdAt": "2025-01-15T10:00:00Z"
    },
    {
      "id": "550e8400-e29b-41d4-a716-446655440305",
      "claimId": "550e8400-e29b-41d4-a716-446655440110",
      "type": "citation",
      "content": "Commission royale australienne (2015) : 'L'organisation des Témoins de Jéhovah n'a signalé aucun cas d'abus sexuel aux autorités, s'appuyant sur la règle des deux témoins même dans des cas graves'",
      "sourceId": "550e8400-e29b-41d4-a716-446655440405",
      "quality": "high",
      "createdAt": "2025-01-15T10:00:00Z"
    }
  ],
  "questions": [
    {
      "id": "550e8400-e29b-41d4-a716-446655440501",
      "targetId": "550e8400-e29b-41d4-a716-446655440101",
      "text": "Si la traduction est objective, pourquoi aucun des traducteurs originaux n'a révélé son identité ni ses qualifications académiques ?",
      "kind": "challenge",
      "createdAt": "2025-01-15T10:00:00Z"
    },
    {
      "id": "550e8400-e29b-41d4-a716-446655440502",
      "targetId": "550e8400-e29b-41d4-a716-446655440103",
      "text": "Comment concilier le refus de transfusion sanguine avec l'acceptation des fractions de sang qui proviennent elles-mêmes de transfusions ?",
      "kind": "clarification",
      "createdAt": "2025-01-15T10:00:00Z"
    },
    {
      "id": "550e8400-e29b-41d4-a716-446655440503",
      "targetId": "550e8400-e29b-41d4-a716-446655440105",
      "text": "Pourquoi les prédictions antérieures (1914, 1925, 1975) concernant Harmaguédon ne se sont-elles pas réalisées ?",
      "kind": "challenge",
      "createdAt": "2025-01-15T10:00:00Z"
    },
    {
      "id": "550e8400-e29b-41d4-a716-446655440504",
      "targetId": "550e8400-e29b-41d4-a716-446655440109",
      "text": "Pourquoi l'organisation refuse-t-elle de publier sa base de données interne sur les cas d'abus et de coopérer pleinement avec les autorités ?",
      "kind": "evidence",
      "createdAt": "2025-01-15T10:00:00Z"
    }
  ],
  "sources": [
    {
      "id": "550e8400-e29b-41d4-a716-446655440401",
      "title": "Truth in Translation: Accuracy and Bias in English Translations of the New Testament",
      "citation": "BeDuhn, J. D. (2003). University Press of America.",
      "url": "https://rowman.com/ISBN/9780761825555",
      "publisher": "University Press of America",
      "date": "2003",
      "reliabilityScore": 0.9,
      "notes": "Analyse académique comparative des traductions bibliques",
      "createdAt": "2025-01-15T10:00:00Z"
    },
    {
      "id": "550e8400-e29b-41d4-a716-446655440402",
      "title": "Jehovah's Witnesses and Autonomy: Honouring the Refusal of Blood Transfusions",
      "citation": "Muramoto, O. (2011). Journal of Medical Ethics, 37(5), 299-301.",
      "url": "https://jme.bmj.com/content/27/5/299",
      "publisher": "BMJ Journals",
      "date": "2011",
      "reliabilityScore": 0.95,
      "notes": "Étude sur les implications médicales et éthiques du refus de transfusion",
      "createdAt": "2025-01-15T10:00:00Z"
    },
    {
      "id": "550e8400-e29b-41d4-a716-446655440403",
      "title": "Babylonian Astronomical Diaries and the Chronology of Ancient Near East",
      "citation": "Sachs, A. J., & Hunger, H. (1988-1996). Verlag der Österreichischen Akademie der Wissenschaften.",
      "url": "https://www.oeaw.ac.at",
      "publisher": "Austrian Academy of Sciences",
      "date": "1988",
      "reliabilityScore": 0.98,
      "notes": "Documentation archéologique et astronomique de la chronologie babylonienne",
      "createdAt": "2025-01-15T10:00:00Z"
    },
    {
      "id": "550e8400-e29b-41d4-a716-446655440404",
      "title": "Shunning and Mental Health Among Former Jehovah's Witnesses",
      "citation": "Havor, T. N. (2019). Social Sciences & Missions, 32(3-4), 287-315.",
      "url": "https://brill.com/view/journals/ssm/32/3-4/article-p287_5.xml",
      "publisher": "Brill",
      "date": "2019",
      "reliabilityScore": 0.88,
      "notes": "Étude empirique sur l'impact psychologique de l'excommunication",
      "createdAt": "2025-01-15T10:00:00Z"
    },
    {
      "id": "550e8400-e29b-41d4-a716-446655440405",
      "title": "Royal Commission into Institutional Responses to Child Sexual Abuse - Case Study 29",
      "citation": "Royal Commission into Institutional Responses to Child Sexual Abuse (2015). Commonwealth of Australia.",
      "url": "https://www.childabuseroyalcommission.gov.au",
      "publisher": "Commonwealth of Australia",
      "date": "2015",
      "reliabilityScore": 0.99,
      "notes": "Enquête gouvernementale officielle sur la gestion des abus au sein de l'organisation",
      "createdAt": "2025-01-15T10:00:00Z"
    }
  ],
  "tags": [
    {
      "id": "tag_religion",
      "label": "Religion",
      "color": "#9C27B0"
    },
    {
      "id": "tag_doctrine",
      "label": "Doctrine",
      "color": "#673AB7"
    },
    {
      "id": "tag_ethique",
      "label": "Éthique",
      "color": "#3F51B5"
    }
  ]
}
