{
  "schemaVersion": "1.0",
  "exportedAt": "2025-01-15T14:00:00Z",
  "app": "ArguMentor",
  "topics": [
    {
      "id": "950e8400-e29b-41d4-a716-446655440001",
      "title": "Théorie de la Terre plate : Arguments et réfutations",
      "summary": "Examen des arguments platistes et des preuves scientifiques de la sphéricité terrestre",
      "posture": "sceptique",
      "tags": ["tag_science", "tag_pseudoscience", "tag_astronomie", "tag_complot"],
      "createdAt": "2025-01-15T14:00:00Z",
      "updatedAt": "2025-01-15T14:00:00Z"
    }
  ],
  "claims": [
    {
      "id": "950e8400-e29b-41d4-a716-446655440101",
      "text": "L'horizon apparaît toujours plat, ce qui prouve que la Terre est plate",
      "stance": "pro",
      "strength": "weak",
      "topics": ["950e8400-e29b-41d4-a716-446655440001"],
      "createdAt": "2025-01-15T14:00:00Z",
      "updatedAt": "2025-01-15T14:00:00Z"
    },
    {
      "id": "950e8400-e29b-41d4-a716-446655440102",
      "text": "La courbure terrestre est observable et mesurable à différentes altitudes",
      "stance": "con",
      "strength": "high",
      "topics": ["950e8400-e29b-41d4-a716-446655440001"],
      "createdAt": "2025-01-15T14:00:00Z",
      "updatedAt": "2025-01-15T14:00:00Z"
    },
    {
      "id": "950e8400-e29b-41d4-a716-446655440103",
      "text": "Les photos de la NASA sont toutes truquées avec Photoshop",
      "stance": "pro",
      "strength": "weak",
      "topics": ["950e8400-e29b-41d4-a716-446655440001"],
      "createdAt": "2025-01-15T14:00:00Z",
      "updatedAt": "2025-01-15T14:00:00Z"
    },
    {
      "id": "950e8400-e29b-41d4-a716-446655440104",
      "text": "Des dizaines d'agences spatiales et d'entreprises privées ont photographié la Terre sphérique indépendamment",
      "stance": "con",
      "strength": "high",
      "topics": ["950e8400-e29b-41d4-a716-446655440001"],
      "createdAt": "2025-01-15T14:00:00Z",
      "updatedAt": "2025-01-15T14:00:00Z"
    },
    {
      "id": "950e8400-e29b-41d4-a716-446655440105",
      "text": "La gravité n'existe pas, c'est la Terre plate qui accélère vers le haut",
      "stance": "pro",
      "strength": "weak",
      "topics": ["950e8400-e29b-41d4-a716-446655440001"],
      "createdAt": "2025-01-15T14:00:00Z",
      "updatedAt": "2025-01-15T14:00:00Z"
    },
    {
      "id": "950e8400-e29b-41d4-a716-446655440106",
      "text": "La gravité est une force observable et mesurable qui correspond aux prédictions d'une Terre sphérique",
      "stance": "con",
      "strength": "high",
      "topics": ["950e8400-e29b-41d4-a716-446655440001"],
      "createdAt": "2025-01-15T14:00:00Z",
      "updatedAt": "2025-01-15T14:00:00Z"
    },
    {
      "id": "950e8400-e29b-41d4-a716-446655440107",
      "text": "Les fuseaux horaires ne fonctionneraient pas sur une Terre sphérique",
      "stance": "pro",
      "strength": "weak",
      "topics": ["950e8400-e29b-41d4-a716-446655440001"],
      "createdAt": "2025-01-15T14:00:00Z",
      "updatedAt": "2025-01-15T14:00:00Z"
    },
    {
      "id": "950e8400-e29b-41d4-a716-446655440108",
      "text": "Les fuseaux horaires sont une conséquence directe de la rotation d'une Terre sphérique",
      "stance": "con",
      "strength": "high",
      "topics": ["950e8400-e29b-41d4-a716-446655440001"],
      "createdAt": "2025-01-15T14:00:00Z",
      "updatedAt": "2025-01-15T14:00:00Z"
    },
    {
      "id": "950e8400-e29b-41d4-a716-446655440109",
      "text": "L'Antarctique est un mur de glace qui entoure la Terre plate et que personne ne peut traverser",
      "stance": "pro",
      "strength": "weak",
      "topics": ["950e8400-e29b-41d4-a716-446655440001"],
      "createdAt": "2025-01-15T14:00:00Z",
      "updatedAt": "2025-01-15T14:00:00Z"
    },
    {
      "id": "950e8400-e29b-41d4-a716-446655440110",
      "text": "Des milliers de scientifiques et de touristes ont traversé l'Antarctique et documenté sa géographie réelle",
      "stance": "con",
      "strength": "high",
      "topics": ["950e8400-e29b-41d4-a716-446655440001"],
      "createdAt": "2025-01-15T14:00:00Z",
      "updatedAt": "2025-01-15T14:00:00Z"
    }
  ],
  "rebuttals": [
    {
      "id": "950e8400-e29b-41d4-a716-446655440201",
      "claimId": "950e8400-e29b-41d4-a716-446655440101",
      "text": "La Terre a un rayon de 6 371 km : l'horizon apparaît plat localement car la courbure est trop subtile à l'œil nu (0,08° par km)",
      "fallacyTag": "Perception sensorielle limitée",
      "createdAt": "2025-01-15T14:00:00Z",
      "updatedAt": "2025-01-15T14:00:00Z"
    },
    {
      "id": "950e8400-e29b-41d4-a716-446655440202",
      "claimId": "950e8400-e29b-41d4-a716-446655440103",
      "text": "SpaceX, Roscosmos, CNSA, ISRO, ESA, et JAXA ont tous des images indépendantes, impossible de coordonner un tel complot mondial",
      "fallacyTag": "Théorie du complot sans preuve",
      "createdAt": "2025-01-15T14:00:00Z",
      "updatedAt": "2025-01-15T14:00:00Z"
    },
    {
      "id": "950e8400-e29b-41d4-a716-446655440203",
      "claimId": "950e8400-e29b-41d4-a716-446655440105",
      "text": "Une accélération constante vers le haut à 9,8 m/s² ferait atteindre la vitesse de la lumière en un an, ce qui est physiquement impossible",
      "fallacyTag": "Violation des lois physiques",
      "createdAt": "2025-01-15T14:00:00Z",
      "updatedAt": "2025-01-15T14:00:00Z"
    },
    {
      "id": "950e8400-e29b-41d4-a716-446655440204",
      "claimId": "950e8400-e29b-41d4-a716-446655440107",
      "text": "Les fuseaux horaires ne fonctionnent qu'avec une Terre sphérique en rotation : soleil de minuit en Arctique et en Antarctique simultanément",
      "fallacyTag": "Incompréhension astronomique",
      "createdAt": "2025-01-15T14:00:00Z",
      "updatedAt": "2025-01-15T14:00:00Z"
    },
    {
      "id": "950e8400-e29b-41d4-a716-446655440205",
      "claimId": "950e8400-e29b-41d4-a716-446655440109",
      "text": "Le traité de l'Antarctique permet l'accès scientifique et touristique : des milliers de personnes visitent l'Antarctique chaque année",
      "fallacyTag": "Affirmation factuelle fausse",
      "createdAt": "2025-01-15T14:00:00Z",
      "updatedAt": "2025-01-15T14:00:00Z"
    }
  ],
  "evidences": [
    {
      "id": "950e8400-e29b-41d4-a716-446655440301",
      "claimId": "950e8400-e29b-41d4-a716-446655440102",
      "type": "example",
      "content": "Expérience de Bedford Level (1838) : Samuel Rowbotham observe 6 miles de canal et conclut à tort à une Terre plate. Alfred Russel Wallace répète l'expérience correctement en 1870 et prouve la courbure",
      "sourceId": "950e8400-e29b-41d4-a716-446655440401",
      "quality": "high",
      "createdAt": "2025-01-15T14:00:00Z"
    },
    {
      "id": "950e8400-e29b-41d4-a716-446655440302",
      "claimId": "950e8400-e29b-41d4-a716-446655440104",
      "type": "example",
      "content": "En 2017, SpaceX a lancé un mannequin dans l'espace avec des caméras en direct montrant une Terre sphérique pendant des heures",
      "sourceId": "950e8400-e29b-41d4-a716-446655440402",
      "quality": "high",
      "createdAt": "2025-01-15T14:00:00Z"
    },
    {
      "id": "950e8400-e29b-41d4-a716-446655440303",
      "claimId": "950e8400-e29b-41d4-a716-446655440106",
      "type": "study",
      "content": "Les mesures gravimétriques montrent des variations de gravité cohérentes avec une distribution sphérique de masse (GRACE satellites)",
      "sourceId": "950e8400-e29b-41d4-a716-446655440403",
      "quality": "high",
      "createdAt": "2025-01-15T14:00:00Z"
    },
    {
      "id": "950e8400-e29b-41d4-a716-446655440304",
      "claimId": "950e8400-e29b-41d4-a716-446655440108",
      "type": "example",
      "content": "Le 21 juin, le soleil ne se couche jamais au pôle Nord mais se couche au pôle Sud : impossible sur une Terre plate",
      "sourceId": "950e8400-e29b-41d4-a716-446655440404",
      "quality": "high",
      "createdAt": "2025-01-15T14:00:00Z"
    },
    {
      "id": "950e8400-e29b-41d4-a716-446655440305",
      "claimId": "950e8400-e29b-41d4-a716-446655440110",
      "type": "statistic",
      "content": "Plus de 50 000 touristes visitent l'Antarctique chaque année via des croisières commerciales",
      "sourceId": "950e8400-e29b-41d4-a716-446655440405",
      "quality": "high",
      "createdAt": "2025-01-15T14:00:00Z"
    }
  ],
  "questions": [
    {
      "id": "950e8400-e29b-41d4-a716-446655440501",
      "targetId": "950e8400-e29b-41d4-a716-446655440103",
      "text": "Si toutes les agences spatiales mentent, comment explique-t-on que des pays en conflit (USA, Russie, Chine) s'accordent sur cette 'tromperie' ?",
      "kind": "challenge",
      "createdAt": "2025-01-15T14:00:00Z"
    },
    {
      "id": "950e8400-e29b-41d4-a716-446655440502",
      "targetId": "950e8400-e29b-41d4-a716-446655440105",
      "text": "Si la Terre accélère vers le haut, qu'y a-t-il en dessous, et quelle est la source d'énergie infinie nécessaire ?",
      "kind": "challenge",
      "createdAt": "2025-01-15T14:00:00Z"
    },
    {
      "id": "950e8400-e29b-41d4-a716-446655440503",
      "targetId": "950e8400-e29b-41d4-a716-446655440109",
      "text": "Comment explique-t-on les expéditions scientifiques et touristiques en Antarctique documentées par milliers de personnes ?",
      "kind": "evidence",
      "createdAt": "2025-01-15T14:00:00Z"
    },
    {
      "id": "950e8400-e29b-41d4-a716-446655440504",
      "targetId": "950e8400-e29b-41d4-a716-446655440001",
      "text": "Quelle expérience simple pourrait convaincre un platiste de la sphéricité terrestre ?",
      "kind": "clarification",
      "createdAt": "2025-01-15T14:00:00Z"
    }
  ],
  "sources": [
    {
      "id": "950e8400-e29b-41d4-a716-446655440401",
      "title": "The Bedford Level Experiment",
      "citation": "Wallace, A. R. (1870). Nature, 1, 218-219.",
      "url": "https://www.nature.com/articles/001218a0",
      "publisher": "Nature",
      "date": "1870",
      "reliabilityScore": 0.95,
      "notes": "Expérience historique démontrant la courbure terrestre",
      "createdAt": "2025-01-15T14:00:00Z"
    },
    {
      "id": "950e8400-e29b-41d4-a716-446655440402",
      "title": "Starman - SpaceX Falcon Heavy Test Flight",
      "citation": "SpaceX (2018). Transmission en direct.",
      "url": "https://www.spacex.com/vehicles/falcon-heavy/",
      "publisher": "SpaceX",
      "date": "2018",
      "reliabilityScore": 0.92,
      "notes": "Diffusion en direct de la Terre depuis l'espace",
      "createdAt": "2025-01-15T14:00:00Z"
    },
    {
      "id": "950e8400-e29b-41d4-a716-446655440403",
      "title": "GRACE Gravity Model",
      "citation": "Tapley, B. D., et al. (2004). Science, 305(5683), 503-505.",
      "url": "https://www.science.org/doi/10.1126/science.1099192",
      "publisher": "Science",
      "date": "2004",
      "reliabilityScore": 0.97,
      "notes": "Mesures gravimétriques satellitaires",
      "createdAt": "2025-01-15T14:00:00Z"
    },
    {
      "id": "950e8400-e29b-41d4-a716-446655440404",
      "title": "Astronomical Almanac for the Year 2025",
      "citation": "U.S. Naval Observatory (2024).",
      "url": "https://www.usno.navy.mil/",
      "publisher": "U.S. Naval Observatory",
      "date": "2024",
      "reliabilityScore": 0.99,
      "notes": "Données astronomiques officielles",
      "createdAt": "2025-01-15T14:00:00Z"
    },
    {
      "id": "950e8400-e29b-41d4-a716-446655440405",
      "title": "IAATO Antarctic Visitor Figures",
      "citation": "International Association of Antarctica Tour Operators (2024).",
      "url": "https://iaato.org/information-resources/data-statistics/",
      "publisher": "IAATO",
      "date": "2024",
      "reliabilityScore": 0.94,
      "notes": "Statistiques officielles du tourisme antarctique",
      "createdAt": "2025-01-15T14:00:00Z"
    }
  ],
  "tags": [
    {
      "id": "tag_science",
      "label": "Science",
      "color": "#2196F3"
    },
    {
      "id": "tag_pseudoscience",
      "label": "Pseudoscience",
      "color": "#9E9E9E"
    },
    {
      "id": "tag_astronomie",
      "label": "Astronomie",
      "color": "#3F51B5"
    },
    {
      "id": "tag_complot",
      "label": "Théorie du complot",
      "color": "#795548"
    }
  ]
}
