{
  "schemaVersion": "1.0",
  "exportedAt": "2025-01-15T16:00:00Z",
  "app": "ArguMentor",
  "topics": [
    {
      "id": "b50e8400-e29b-41d4-a716-446655440001",
      "title": "Théories du complot : Chemtrails, 5G, Nouvel ordre mondial",
      "summary": "Analyse critique des principales théories conspirationnistes contemporaines",
      "posture": "sceptique",
      "tags": ["tag_complot", "tag_pensee_critique", "tag_pseudoscience"],
      "createdAt": "2025-01-15T16:00:00Z",
      "updatedAt": "2025-01-15T16:00:00Z"
    }
  ],
  "claims": [
    {
      "id": "b50e8400-e29b-41d4-a716-446655440101",
      "text": "Les traînées d'avion (chemtrails) sont des produits chimiques répandus pour contrôler le climat ou la population",
      "stance": "pro",
      "strength": "weak",
      "topics": ["b50e8400-e29b-41d4-a716-446655440001"],
      "createdAt": "2025-01-15T16:00:00Z",
      "updatedAt": "2025-01-15T16:00:00Z"
    },
    {
      "id": "b50e8400-e29b-41d4-a716-446655440102",
      "text": "Les traînées d'avion sont simplement de la vapeur d'eau condensée (contrails), un phénomène météorologique documenté depuis 1918",
      "stance": "con",
      "strength": "high",
      "topics": ["b50e8400-e29b-41d4-a716-446655440001"],
      "createdAt": "2025-01-15T16:00:00Z",
      "updatedAt": "2025-01-15T16:00:00Z"
    },
    {
      "id": "b50e8400-e29b-41d4-a716-446655440103",
      "text": "La 5G est dangereuse pour la santé et a causé la pandémie de COVID-19",
      "stance": "pro",
      "strength": "weak",
      "topics": ["b50e8400-e29b-41d4-a716-446655440001"],
      "createdAt": "2025-01-15T16:00:00Z",
      "updatedAt": "2025-01-15T16:00:00Z"
    },
    {
      "id": "b50e8400-e29b-41d4-a716-446655440104",
      "text": "La 5G utilise des ondes radio non-ionisantes incapables d'endommager l'ADN, et aucun lien avec le COVID-19 n'est scientifiquement établi",
      "stance": "con",
      "strength": "high",
      "topics": ["b50e8400-e29b-41d4-a716-446655440001"],
      "createdAt": "2025-01-15T16:00:00Z",
      "updatedAt": "2025-01-15T16:00:00Z"
    },
    {
      "id": "b50e8400-e29b-41d4-a716-446655440105",
      "text": "Un 'nouvel ordre mondial' secret contrôle les gouvernements via des organisations comme le groupe Bilderberg",
      "stance": "pro",
      "strength": "weak",
      "topics": ["b50e8400-e29b-41d4-a716-446655440001"],
      "createdAt": "2025-01-15T16:00:00Z",
      "updatedAt": "2025-01-15T16:00:00Z"
    },
    {
      "id": "b50e8400-e29b-41d4-a716-446655440106",
      "text": "Les forums privés d'élites existent mais aucune preuve d'un contrôle mondial coordonné n'a été démontrée",
      "stance": "con",
      "strength": "high",
      "topics": ["b50e8400-e29b-41d4-a716-446655440001"],
      "createdAt": "2025-01-15T16:00:00Z",
      "updatedAt": "2025-01-15T16:00:00Z"
    },
    {
      "id": "b50e8400-e29b-41d4-a716-446655440107",
      "text": "Les attentats du 11 septembre 2001 étaient un 'inside job' orchestré par le gouvernement américain",
      "stance": "pro",
      "strength": "weak",
      "topics": ["b50e8400-e29b-41d4-a716-446655440001"],
      "createdAt": "2025-01-15T16:00:00Z",
      "updatedAt": "2025-01-15T16:00:00Z"
    },
    {
      "id": "b50e8400-e29b-41d4-a716-446655440108",
      "text": "Les enquêtes indépendantes et les preuves matérielles confirment que les attaques étaient orchestrées par Al-Qaeda",
      "stance": "con",
      "strength": "high",
      "topics": ["b50e8400-e29b-41d4-a716-446655440001"],
      "createdAt": "2025-01-15T16:00:00Z",
      "updatedAt": "2025-01-15T16:00:00Z"
    }
  ],
  "rebuttals": [
    {
      "id": "b50e8400-e29b-41d4-a716-446655440201",
      "claimId": "b50e8400-e29b-41d4-a716-446655440101",
      "text": "Les analyses chimiques de l'air et de l'eau ne montrent aucune trace de produits toxiques inhabituels. Les contrails sont documentés depuis la Première Guerre mondiale",
      "fallacyTag": "Absence de preuve empirique",
      "createdAt": "2025-01-15T16:00:00Z",
      "updatedAt": "2025-01-15T16:00:00Z"
    },
    {
      "id": "b50e8400-e29b-41d4-a716-446655440202",
      "claimId": "b50e8400-e29b-41d4-a716-446655440103",
      "text": "Le COVID-19 est apparu dans des zones sans 5G et absent de zones avec 5G. Les virus ne se propagent pas via ondes radio",
      "fallacyTag": "Corrélation fallacieuse",
      "createdAt": "2025-01-15T16:00:00Z",
      "updatedAt": "2025-01-15T16:00:00Z"
    },
    {
      "id": "b50e8400-e29b-41d4-a716-446655440203",
      "claimId": "b50e8400-e29b-41d4-a716-446655440105",
      "text": "Les désaccords publics majeurs entre ces 'élites' (USA-Chine, Brexit, etc.) contredisent l'idée d'un contrôle unifié",
      "fallacyTag": "Théorie non falsifiable",
      "createdAt": "2025-01-15T16:00:00Z",
      "updatedAt": "2025-01-15T16:00:00Z"
    },
    {
      "id": "b50e8400-e29b-41d4-a716-446655440204",
      "claimId": "b50e8400-e29b-41d4-a716-446655440107",
      "text": "Le NIST, plusieurs universités et ingénieurs indépendants ont confirmé que l'effondrement résultait des impacts et incendies",
      "fallacyTag": "Cherry-picking de faits",
      "createdAt": "2025-01-15T16:00:00Z",
      "updatedAt": "2025-01-15T16:00:00Z"
    }
  ],
  "evidences": [
    {
      "id": "b50e8400-e29b-41d4-a716-446655440301",
      "claimId": "b50e8400-e29b-41d4-a716-446655440102",
      "type": "study",
      "content": "Étude de l'Université Carnegie Mellon (2016) : Analyse de 20 ans de données atmosphériques ne montrant aucun produit chimique inhabituel lié aux traînées d'avion",
      "sourceId": "b50e8400-e29b-41d4-a716-446655440401",
      "quality": "high",
      "createdAt": "2025-01-15T16:00:00Z"
    },
    {
      "id": "b50e8400-e29b-41d4-a716-446655440302",
      "claimId": "b50e8400-e29b-41d4-a716-446655440104",
      "type": "expert",
      "content": "OMS (2020) : 'Aucune preuve scientifique ne lie la technologie 5G à des effets néfastes sur la santé'",
      "sourceId": "b50e8400-e29b-41d4-a716-446655440402",
      "quality": "high",
      "createdAt": "2025-01-15T16:00:00Z"
    },
    {
      "id": "b50e8400-e29b-41d4-a716-446655440303",
      "claimId": "b50e8400-e29b-41d4-a716-446655440108",
      "type": "study",
      "content": "Rapport de la Commission du 11 septembre (2004) : 585 pages d'enquête documentant le rôle d'Al-Qaeda avec des preuves matérielles et testimoniales",
      "sourceId": "b50e8400-e29b-41d4-a716-446655440403",
      "quality": "high",
      "createdAt": "2025-01-15T16:00:00Z"
    }
  ],
  "questions": [
    {
      "id": "b50e8400-e29b-41d4-a716-446655440501",
      "targetId": "b50e8400-e29b-41d4-a716-446655440101",
      "text": "Pourquoi les pilotes et leurs familles, exposés quotidiennement, ne seraient-ils pas les premières victimes des chemtrails ?",
      "kind": "challenge",
      "createdAt": "2025-01-15T16:00:00Z"
    },
    {
      "id": "b50e8400-e29b-41d4-a716-446655440502",
      "targetId": "b50e8400-e29b-41d4-a716-446655440103",
      "text": "Comment la 5G pourrait-elle causer une maladie virale alors que les ondes radio et les virus fonctionnent selon des principes physiques totalement différents ?",
      "kind": "challenge",
      "createdAt": "2025-01-15T16:00:00Z"
    },
    {
      "id": "b50e8400-e29b-41d4-a716-446655440503",
      "targetId": "b50e8400-e29b-41d4-a716-446655440105",
      "text": "Comment maintenir le secret d'un complot mondial impliquant des millions de personnes sur plusieurs décennies ?",
      "kind": "challenge",
      "createdAt": "2025-01-15T16:00:00Z"
    }
  ],
  "sources": [
    {
      "id": "b50e8400-e29b-41d4-a716-446655440401",
      "title": "Quantifying expert consensus against the existence of a secret chemtrail spraying program",
      "citation": "Shearer, C., et al. (2016). Environmental Research Letters, 11(8), 084011.",
      "url": "https://iopscience.iop.org/article/10.1088/1748-9326/11/8/084011",
      "publisher": "IOP Science",
      "date": "2016",
      "reliabilityScore": 0.94,
      "notes": "Enquête auprès de 77 experts en chimie atmosphérique",
      "createdAt": "2025-01-15T16:00:00Z"
    },
    {
      "id": "b50e8400-e29b-41d4-a716-446655440402",
      "title": "5G mobile networks and health",
      "citation": "WHO (2020). Fact Sheet.",
      "url": "https://www.who.int/news-room/fact-sheets/detail/5g-mobile-networks-and-health",
      "publisher": "Organisation mondiale de la santé",
      "date": "2020",
      "reliabilityScore": 0.97,
      "notes": "Position officielle de l'OMS",
      "createdAt": "2025-01-15T16:00:00Z"
    },
    {
      "id": "b50e8400-e29b-41d4-a716-446655440403",
      "title": "The 9/11 Commission Report",
      "citation": "National Commission on Terrorist Attacks (2004).",
      "url": "https://www.9-11commission.gov/",
      "publisher": "U.S. Government",
      "date": "2004",
      "reliabilityScore": 0.90,
      "notes": "Rapport officiel bipartisan",
      "createdAt": "2025-01-15T16:00:00Z"
    }
  ],
  "tags": [
    {
      "id": "tag_complot",
      "label": "Théorie du complot",
      "color": "#795548"
    },
    {
      "id": "tag_pensee_critique",
      "label": "Pensée critique",
      "color": "#607D8B"
    },
    {
      "id": "tag_pseudoscience",
      "label": "Pseudoscience",
      "color": "#9E9E9E"
    }
  ]
}
